{
    "指定エポックまでのステップ数": "指定 epoch 之前的步数",
    "学習開始": "训练开始",
    "学習画像の数×繰り返し回数": "训练图像数量×重复次数",
    "正則化画像の数": "正则化图像数量",
    "正則化画像の数×繰り返し回数": "正则化图像数量×重复次数",
    "1epochのバッチ数": "每个 epoch 的 batch 数",
    "バッチサイズ": "batch 大小",
    "学習率": "学习率",
    "勾配を合計するステップ数": "梯度累积步数",
    "学習率の減衰率": "学习率衰减率",
    "学習ステップ数": "训练步数"
}